{
  "main": {
    "id": "25caee152c799383",
    "type": "split",
    "children": [
      {
        "id": "2ec41d20c173923f",
        "type": "tabs",
        "children": [
          {
            "id": "fb2ad37479ce7c8a",
            "type": "leaf",
            "state": {
              "type": "markdown",
              "state": {
                "file": "Вітаємо.md",
                "mode": "source",
                "source": false
              },
              "icon": "lucide-file",
              "title": "Вітаємо"
            }
          }
        ]
      }
    ],
    "direction": "vertical"
  },
  "left": {
    "id": "37aa83d66f9bf99e",
    "type": "split",
    "children": [
      {
        "id": "2e680885c71ef217",
        "type": "tabs",
        "children": [
          {
            "id": "b5eb2725fd2403ab",
            "type": "leaf",
            "state": {
              "type": "file-explorer",
              "state": {
                "sortOrder": "alphabetical",
                "autoReveal": false
              },
              "icon": "lucide-folder-closed",
              "title": "Файловий менеджер"
            }
          },
          {
            "id": "4ede93fbd9c9447a",
            "type": "leaf",
            "state": {
              "type": "search",
              "state": {
                "query": "",
                "matchingCase": false,
                "explainSearch": false,
                "collapseAll": false,
                "extraContext": false,
                "sortOrder": "alphabetical"
              },
              "icon": "lucide-search",
              "title": "Пошук"
            }
          },
          {
            "id": "f9105d126df81391",
            "type": "leaf",
            "state": {
              "type": "bookmarks",
              "state": {},
              "icon": "lucide-bookmark",
              "title": "Закладки"
            }
          }
        ]
      }
    ],
    "direction": "horizontal",
    "width": 300
  },
  "right": {
    "id": "8ed74d3183277984",
    "type": "split",
    "children": [
      {
        "id": "d94709591bf9e9ad",
        "type": "tabs",
        "children": [
          {
            "id": "1fe31a89fc5ec2c1",
            "type": "leaf",
            "state": {
              "type": "backlink",
              "state": {
                "file": "Вітаємо.md",
                "collapseAll": false,
                "extraContext": false,
                "sortOrder": "alphabetical",
                "showSearch": false,
                "searchQuery": "",
                "backlinkCollapsed": false,
                "unlinkedCollapsed": true
              },
              "icon": "links-coming-in",
              "title": "Зворотні посилання для Вітаємо"
            }
          },
          {
            "id": "73503f8ed3402f94",
            "type": "leaf",
            "state": {
              "type": "outgoing-link",
              "state": {
                "file": "Вітаємо.md",
                "linksCollapsed": false,
                "unlinkedCollapsed": true
              },
              "icon": "links-going-out",
              "title": "Вихідні посилання з Вітаємо"
            }
          },
          {
            "id": "156acad4b1e63ced",
            "type": "leaf",
            "state": {
              "type": "tag",
              "state": {
                "sortOrder": "frequency",
                "useHierarchy": true,
                "showSearch": false,
                "searchQuery": ""
              },
              "icon": "lucide-tags",
              "title": "Мітки"
            }
          },
          {
            "id": "485a9d4757c7fc43",
            "type": "leaf",
            "state": {
              "type": "outline",
              "state": {
                "file": "Вітаємо.md",
                "followCursor": false,
                "showSearch": false,
                "searchQuery": ""
              },
              "icon": "lucide-list",
              "title": "Вміст Вітаємо"
            }
          }
        ]
      }
    ],
    "direction": "horizontal",
    "width": 300,
    "collapsed": true
  },
  "left-ribbon": {
    "hiddenItems": {
      "switcher:Відкрити провідник файлів": false,
      "graph:Граф": false,
      "canvas:Створити нове полотно": false,
      "daily-notes:Сьогоднішня нотатка": false,
      "templates:Вставити шаблон": false,
      "command-palette:Відкрити меню команд": false,
      "obsidian42-brat:BRAT": false,
      "github-sync:Sync with Remote": false
    }
  },
  "active": "b5eb2725fd2403ab",
  "lastOpenFiles": [
    "Архів.zip",
    "Архів.zip.w94f7c.part",
    "LICENSE",
    "Виробництво плат.ods",
    "Вітаємо.md"
  ]
}